list_bytes,list_kb,ns_per_hop
4096,4.0000,0.656250
8192,8.0000,0.654000
16384,16.0000,0.657000
32768,32.0000,0.653792
65536,64.0000,0.666293
131072,128.0000,0.665043
262144,256.0000,2.603500
524288,512.0000,2.901922
1048576,1024.0000,3.518277
2097152,2048.0000,6.173806
4194304,4096.0000,6.696607
8388608,8192.0000,7.253011
16777216,16384.0000,9.520213
33554432,32768.0000,37.200655
67108864,65536.0000,69.235802
134217728,131072.0000,76.093674
268435456,262144.0000,83.335876
