N,matrix_bytes,rowmajor_ns,colmajor_ns,slowdown_ratio
64,32768,1.982142,2.076446,1.047577
128,131072,2.007907,2.455664,1.222997
256,524288,1.953625,2.840886,1.454161
512,2097152,1.961772,2.848816,1.452165
1024,8388608,1.966476,2.845128,1.446815
2048,33554432,1.999855,3.203154,1.601693
4096,134217728,2.130270,3.074765,1.443369
