stride_elements,stride_bytes,ns_per_access
1,4,0.871778
2,8,0.876665
4,16,0.886679
8,32,0.870705
16,64,0.902176
32,128,2.734048
64,256,3.794352
128,512,2.341970
256,1024,1.710735
512,2048,2.323588
1024,4096,2.325840
