list_bytes,list_kb,ns_per_hop
4096,4,0.661198
8192,8,0.652219
16384,16,0.651521
32768,32,0.655011
65536,64,0.651823
131072,128,0.653292
262144,256,2.8227
524288,512,2.88033
1048576,1024,3.50628
2097152,2048,5.91907
4194304,4096,6.64883
8388608,8192,6.95417
16777216,16384,9.33086
33554432,32768,42.5135
67108864,65536,68.6212
134217728,131072,75.9628
268435456,262144,82.5412
