N,matrix_bytes,rowmajor_ns,colmajor_ns,slowdown_ratio
64,32768,1.83928,1.96769,1.06981
128,131072,1.90595,2.10011,1.10187
256,524288,1.95108,2.86186,1.4668
512,2097152,1.96225,2.88627,1.4709
1024,8388608,1.97804,2.87179,1.45184
2048,33554432,1.98561,2.92905,1.47514
4096,134217728,1.99046,3.03338,1.52396
