stride_elements,stride_bytes,ns_per_access
1,4,0.878175
2,8,0.870983
4,16,0.878423
8,32,0.871758
16,64,0.911845
32,128,4.42396
64,256,3.68791
128,512,2.34892
256,1024,1.64287
512,2048,2.29431
1024,4096,2.32289
