array_bytes,array_kb,ns_per_access
1024,1,0.654667
2048,2,0.963958
4096,4,1.02039
8192,8,1.01585
16384,16,1.02261
32768,32,1.01522
65536,64,1.02579
131072,128,1.01538
262144,256,1.03939
524288,512,1.01935
1048576,1024,1.02777
2097152,2048,1.01389
4194304,4096,1.00913
8388608,8192,1.01737
16777216,16384,1.01508
33554432,32768,1.01765
67108864,65536,1.01854
134217728,131072,1.01357
268435456,262144,0.968865
